"","Country","Taxa","Species","SynchVar","MeanRhos","rho250km","Mean250km","meansynchtemp.detrended","meansynchprecip.detrended","meandist","mediandist","Mean250kmZ","precip","temp","Sedentary","Groupreslongshort","SpecialistGeneralistRank_Y","SpecialistGeneralistRank_B","GenLength","Voltinism","FINAL","Larvaldiet","LogGenTime","insectLarvalDiet","MobilityBird","MobilityInsect","slowfast","movement","specgen","Taxa2","Dataset"
"1","Norway","Butterflies","Aglais urticae","log.r",0.331754023697635,0.399722671026058,0.232473922482238,0.989485482802281,0.841624864837725,133.296634761955,122.877846881141,0.232473922482238,0.6180837227276,0.974836216432453,NA,NA,NA,NA,NA,"Multi","Migrant","M",NA,1,NA,"Migrant","Multi",NA,1,"Insects","Norway Insects"
"2","Norway","Butterflies","Vanessa atalanta","log.r",0.673791523367789,0.635062769023208,0.717944967722135,0.989485482802281,0.841624864837725,121.282268992794,91.9018260759628,0.785420714274909,0.597081036729777,0.959220632580833,NA,NA,NA,NA,NA,"Multi","Migrant","M",NA,1,NA,"Migrant","Multi",NA,1,"Insects","Norway Insects"
"3","Norway","Butterflies","Aglais urticae","log.r",0.331754023697635,0.399722671026058,0.232473922482238,0.989485482802281,0.841624864837725,133.296634761955,122.877846881141,-0.0195994885735892,0.6180837227276,0.974836216432453,NA,NA,NA,NA,NA,"Multi","Migrant","M",NA,1,NA,"Migrant","Multi",NA,1,"Insects","Norway Insects"
"4","Norway","Butterflies","Vanessa atalanta","log.r",0.673791523367789,0.635062769023208,0.717944967722135,0.989485482802281,0.841624864837725,121.282268992794,91.9018260759628,0.785420714274909,0.597081036729777,0.959220632580833,NA,NA,NA,NA,NA,"Multi","Migrant","M",NA,1,NA,"Migrant","Multi",NA,1,"Insects","Norway Insects"
"5","UK","Butterflies","Aglais urticae","log.r",0.409203564635438,0.417994674826277,0.454981903907169,0.933495712092567,0.683505210099698,161.496000518127,166.932187202959,0.498089439833464,0.935335008608433,0.979459598860152,NA,NA,NA,NA,NA,"Multi","Migrant","M",NA,1,NA,"Migrant","Multi",NA,1,"Insects","UK Insects"
"6","UK","Butterflies","Lycaena phlaeas","log.r",0.26538033308812,0.264636720133102,0.311940498547732,0.933495712092567,0.683505210099698,162.566295820329,166.68343823061,0.341463562513347,0.935335008608433,0.979459598860152,NA,NA,NA,NA,NA,"Multi","Migrant","NO",NA,2,NA,"Migrant","Multi",NA,2,"Insects","UK Insects"
"7","UK","Butterflies","Pieris brassicae","log.r",0.489690691151683,0.492431864059392,0.556435267456467,0.933495712092567,0.683505210099698,161.889659359599,166.425597564508,0.608750364784908,0.935335008608433,0.979459598860152,NA,NA,NA,NA,NA,"Multi","Migrant","O",NA,3,NA,"Migrant","Multi",NA,3,"Insects","UK Insects"
"8","UK","Butterflies","Pieris rapae","log.r",0.51312722744544,0.513901240635465,0.553166451079792,0.933495712092567,0.683505210099698,162.286858990356,167.915794711712,0.601064629404228,0.935335008608433,0.979459598860152,NA,NA,NA,NA,NA,"Multi","Migrant","O",NA,3,NA,"Migrant","Multi",NA,3,"Insects","UK Insects"
"9","UK","Butterflies","Vanessa atalanta","log.r",0.485990349666357,0.5263205590614,0.587452099396187,0.933495712092567,0.683505210099698,162.273366623703,168.37098853675,0.623225782322577,0.935335008608433,0.979459598860152,NA,NA,NA,NA,NA,"Multi","Migrant","M",NA,1,NA,"Migrant","Multi",NA,1,"Insects","UK Insects"
"10","UK","Butterflies","Vanessa cardui","log.r",0.868657666858606,0.865363400694433,0.88354325441248,0.933495712092567,0.683505210099698,162.265799584185,167.008716276118,0.904114957574051,0.935335008608433,0.979459598860152,NA,NA,NA,NA,NA,"Multi","Migrant","M",NA,1,NA,"Migrant","Multi",NA,1,"Insects","UK Insects"
"11","Ireland","Butterflies","Aglais urticae","log.r",0.569887748234936,0.530262588232387,0.547875331724668,0.997129961229043,0.94611319844712,152.521213961324,159.163815512627,0.59466588745537,0.95049086470271,0.997795474384687,NA,NA,NA,NA,NA,"Multi","Migrant","M",NA,1,NA,"Migrant","Multi",NA,1,"Insects","Ireland Insects"
"12","Ireland","Butterflies","Pieris brassicae","log.r",0.397054988566105,0.396041755103609,0.363307607130407,0.997129961229043,0.94611319844712,152.521213961324,159.163815512627,0.407108754559403,0.95049086470271,0.997795474384687,NA,NA,NA,NA,NA,"Multi","Migrant","O",NA,3,NA,"Migrant","Multi",NA,3,"Insects","Ireland Insects"
"13","Ireland","Butterflies","Pieris rapae","log.r",0.36973196126551,0.34624384508509,0.337141676150052,0.997129961229043,0.94611319844712,152.521213961324,159.163815512627,0.380661021779004,0.95049086470271,0.997795474384687,NA,NA,NA,NA,NA,"Multi","Migrant","O",NA,3,NA,"Migrant","Multi",NA,3,"Insects","Ireland Insects"
"14","Ireland","Butterflies","Vanessa atalanta","log.r",0.457683830127395,0.389400379242127,0.444564082606609,0.997129961229043,0.94611319844712,152.521213961324,159.163815512627,0.479532033893781,0.95049086470271,0.997795474384687,NA,NA,NA,NA,NA,"Multi","Migrant","M",NA,1,NA,"Migrant","Multi",NA,1,"Insects","Ireland Insects"
"15","Ireland","Butterflies","Vanessa cardui","log.r",0.75408042900568,0.572154418032799,0.761151982088873,0.997129961229043,0.94611319844712,146.266637111825,153.384128400678,0.840961658603404,0.95049086470271,0.997795474384687,NA,NA,NA,NA,NA,"Multi","Migrant","M",NA,1,NA,"Migrant","Multi",NA,1,"Insects","Ireland Insects"
"16","Finland","Butterflies","Aglais urticae","log.r",0.552519803434211,0.537166355448195,0.561167919579846,0.978891637084048,0.93049243238328,140.615176735722,130.690608716327,0.590206500183731,0.93049243238328,0.97894688432941,NA,NA,NA,NA,NA,"Multi","Migrant","M",NA,1,NA,"Migrant","Multi",NA,1,"Insects","Finland Insects"
"17","Finland","Butterflies","Aporia crataegi","log.r",0.383293872475863,0.230996159876907,0.397816488405614,0.978891637084048,0.93049243238328,134.576528203761,115.932602226279,0.456543363496445,0.93049243238328,0.978891637084048,NA,NA,NA,NA,NA,"Uni/Bi","Migrant","O",NA,3,NA,"Migrant","Uni/Bi",NA,3,"Insects","Finland Insects"
"18","Finland","Butterflies","Lycaena phlaeas","log.r",0.30578591953269,0.243598818214522,0.363514051704041,0.978891637084048,0.93049243238328,140.615176735722,130.690608716327,0.389256009346476,0.93049243238328,0.97894688432941,NA,NA,NA,NA,NA,"Multi","Migrant","NO",NA,2,NA,"Migrant","Multi",NA,2,"Insects","Finland Insects"
"19","Finland","Butterflies","Lycaena virgaureae","log.r",0.381261632493656,0.355665917968194,0.423766962558218,0.978891637084048,0.93049243238328,136.865482875508,123.311605471303,0.436873345770296,0.93049243238328,0.978891637084048,NA,NA,NA,NA,NA,"Uni/Bi","Migrant","NO",NA,2,NA,"Migrant","Uni/Bi",NA,2,"Insects","Finland Insects"
"20","Finland","Butterflies","Nymphalis antiopa","log.r",0.447633439038186,0.434332757132132,0.445962431275101,0.978891637084048,0.93049243238328,136.865482875508,123.311605471303,0.48061408812599,0.93049243238328,0.978891637084048,NA,NA,NA,NA,NA,"Multi","Migrant","P",NA,4,NA,"Migrant","Multi",NA,4,"Insects","Finland Insects"
"21","Finland","Butterflies","Vanessa atalanta","log.r",0.630129123645835,0.597557744507125,0.625749889443538,0.978891637084048,0.93049243238328,136.910392659065,130.690608716327,0.643630260922884,0.93049243238328,0.978891637084048,NA,NA,NA,NA,NA,"Multi","Migrant","M",NA,1,NA,"Migrant","Multi",NA,1,"Insects","Finland Insects"
"22","Netherlands","Butterflies","Aglais urticae","log.r",0.48581813195635,0.346716100521668,0.465192922488193,0.989999695907139,0.896769219897155,137.656924416246,143.177943119672,0.490553747462855,0.907771825200351,0.99100755084714,NA,NA,NA,NA,NA,"Multi","Migrant","M",NA,1,NA,"Migrant","Multi",NA,1,"Insects","Netherlands Insects"
"23","Netherlands","Butterflies","Lycaena phlaeas","log.r",0.34760875366767,0.310339871664181,0.325581462126562,0.989999695907139,0.896769219897155,137.656924416246,143.177943119672,0.346009161428883,0.907771825200351,0.99100755084714,NA,NA,NA,NA,NA,"Multi","Migrant","NO",NA,2,NA,"Migrant","Multi",NA,2,"Insects","Netherlands Insects"
"24","Netherlands","Butterflies","Pieris brassicae","log.r",0.472989930694061,0.449818567106375,0.470518269157136,0.989999695907139,0.896769219897155,138.924140759136,143.177943119672,0.49626689177275,0.907771825200351,0.99100755084714,NA,NA,NA,NA,NA,"Multi","Migrant","O",NA,3,NA,"Migrant","Multi",NA,3,"Insects","Netherlands Insects"
"25","Netherlands","Butterflies","Pieris rapae","log.r",0.373010467792528,0.172278770939326,0.354749901977955,0.989999695907139,0.896769219897155,138.924140759136,143.177943119672,0.384443566492824,0.907771825200351,0.99100755084714,NA,NA,NA,NA,NA,"Multi","Migrant","O",NA,3,NA,"Migrant","Multi",NA,3,"Insects","Netherlands Insects"
"26","Netherlands","Butterflies","Vanessa atalanta","log.r",0.53317059341999,0.292560413841977,0.527731630434588,0.989999695907139,0.896769219897155,137.656924416246,143.177943119672,0.554343124249029,0.907771825200351,0.99100755084714,NA,NA,NA,NA,NA,"Multi","Migrant","M",NA,1,NA,"Migrant","Multi",NA,1,"Insects","Netherlands Insects"
"27","Netherlands","Butterflies","Vanessa cardui","log.r",0.895412461196649,0.86894711410987,0.899916700041194,0.989999695907139,0.896769219897155,137.656924416246,143.177943119672,0.909526618951201,0.907771825200351,0.99100755084714,NA,NA,NA,NA,NA,"Multi","Migrant","M",NA,1,NA,"Migrant","Multi",NA,1,"Insects","Netherlands Insects"
"28","Norway","Butterflies","Pieris napi","log.r",-0.00395050351152352,6.31905893795196e-51,-0.0797629669795493,0.989485482802281,0.841624864837725,135.141556733176,139.100341789463,-0.104767237988779,0.578328457178484,0.971607954792117,NA,NA,NA,NA,NA,"Multi","Migrant ","O",NA,3,NA,"Migrant","Multi",NA,3,"Insects","Norway Insects"
"29","Norway","Butterflies","Pieris napi","log.r",-0.00395050351152352,6.31905893795196e-51,-0.0797629669795493,0.989485482802281,0.841624864837725,135.141556733176,139.100341789463,-0.104767237988779,0.578328457178484,0.971607954792117,NA,NA,NA,NA,NA,"Multi","Migrant ","O",NA,3,NA,"Migrant","Multi",NA,3,"Insects","Norway Insects"
"30","UK","Butterflies","Pieris napi","log.r",0.322524819162575,0.381009323897137,0.391284290432815,0.933495712092567,0.683505210099698,161.894800411883,166.807812716785,-0.00693486957861689,0.935335008608433,0.979459598860152,NA,NA,NA,NA,NA,"Multi","Migrant ","O",NA,3,NA,"Migrant","Multi",NA,3,"Insects","UK Insects"
"31","Ireland","Butterflies","Pieris napi","log.r",0.516731532430504,0.492821110725992,0.501546099131614,0.997129961229043,0.94611319844712,152.521213961324,159.163815512627,0.540951381976503,0.95049086470271,0.997795474384687,NA,NA,NA,NA,NA,"Multi","Migrant ","O",NA,3,NA,"Migrant","Multi",NA,3,"Insects","Ireland Insects"
"32","Finland","Butterflies","Pieris napi","log.r",0.498434103933168,0.490109777916277,0.518296449500736,0.978891637084048,0.93049243238328,149.604172775934,158.973789793708,0.55118129459184,0.93049243238328,0.97894688432941,NA,NA,NA,NA,NA,"Multi","Migrant ","O",NA,3,NA,"Migrant","Multi",NA,3,"Insects","Finland Insects"
"33","Netherlands","Butterflies","Pieris napi","log.r",0.293869503247038,0.0827865203161145,0.283188181569493,0.989999695907139,0.896769219897155,138.924140759136,143.177943119672,0.310985048773834,0.907771825200351,0.99100755084714,NA,NA,NA,NA,NA,"Multi","Migrant ","O",NA,3,NA,"Migrant","Multi",NA,3,"Insects","Netherlands Insects"
"34","Norway","Butterflies","Erebia ligea","log.r",0.191571875775279,0.175405374147418,-0.0195994885735892,0.989485482802281,0.841624864837725,87.4902545975313,83.6300916930882,0.484058405269885,0.438025897946203,0.944920668888268,NA,NA,NA,NA,NA,"Uni/Bi","Non-migrant","O",NA,3,NA,"Non-migrant","Uni/Bi",NA,3,"Insects","Norway Insects"
"35","Norway","Butterflies","Gonepteryx rhamni","log.r",-0.0187362254355011,5.74783261915337e-18,-0.00693486957861689,0.989485482802281,0.841624864837725,136.64253157399,137.257693049538,0.100955468457076,0.660696620703693,0.962973612014769,NA,NA,NA,NA,NA,"Uni/Bi","Non-migrant","O",NA,3,NA,"Non-migrant","Uni/Bi",NA,3,"Insects","Norway Insects"
"36","Norway","Butterflies","Plebejus argus","log.r",0.175352498935354,0.165202063739954,0.291481995005656,0.989485482802281,0.841624864837725,126.841054429001,94.9423739344763,0.411417979540896,0.660696620703693,0.962973612014769,NA,NA,NA,NA,NA,"Uni/Bi","Non-migrant","P",NA,4,NA,"Non-migrant","Uni/Bi",NA,4,"Insects","Norway Insects"
"37","Norway","Butterflies","Erebia ligea","log.r",0.191571875775279,0.175405374147418,-0.0195994885735892,0.989485482802281,0.841624864837725,87.4902545975313,83.6300916930882,0.484058405269885,0.438025897946203,0.944920668888268,NA,NA,NA,NA,NA,"Uni/Bi","Non-migrant","O",NA,3,NA,"Non-migrant","Uni/Bi",NA,3,"Insects","Norway Insects"
"38","Norway","Butterflies","Gonepteryx rhamni","log.r",-0.0187362254355011,5.74783261915337e-18,-0.00693486957861689,0.989485482802281,0.841624864837725,136.64253157399,137.257693049538,0.100955468457076,0.660696620703693,0.962973612014769,NA,NA,NA,NA,NA,"Uni/Bi","Non-migrant","O",NA,3,NA,"Non-migrant","Uni/Bi",NA,3,"Insects","Norway Insects"
"39","Norway","Butterflies","Plebejus argus","log.r",0.175352498935354,0.165202063739954,0.291481995005656,0.989485482802281,0.841624864837725,126.841054429001,94.9423739344763,0.411417979540896,0.660696620703693,0.962973612014769,NA,NA,NA,NA,NA,"Uni/Bi","Non-migrant","P",NA,4,NA,"Non-migrant","Uni/Bi",NA,4,"Insects","Norway Insects"
"40","UK","Butterflies","Aglais io","log.r",0.381823168634934,0.367734660878764,0.41538405686769,0.933495712092567,0.683505210099698,162.295732259049,167.333994321626,0.452082555165969,0.935335008608433,0.979459598860152,NA,NA,NA,NA,NA,"Uni/Bi","Non-migrant","M",NA,1,NA,"Non-migrant","Uni/Bi",NA,1,"Insects","UK Insects"
"41","UK","Butterflies","Anthocharis cardamines","log.r",0.321153669233487,0.315886515459303,0.342095316837658,0.933495712092567,0.683505210099698,161.97749436343,166.68343823061,0.373342115530676,0.935335008608433,0.979459598860152,NA,NA,NA,NA,NA,"Uni/Bi","Non-migrant","O",NA,3,NA,"Non-migrant","Uni/Bi",NA,3,"Insects","UK Insects"
"42","UK","Butterflies","Aphantopus hyperantus","log.r",0.243142310635987,0.262288180411731,0.305802689512086,0.933495712092567,0.683505210099698,160.402569221174,165.827453684226,0.333084398397561,0.935335008608433,0.979459598860152,NA,NA,NA,NA,NA,"Uni/Bi","Non-migrant","O",NA,3,NA,"Non-migrant","Uni/Bi",NA,3,"Insects","UK Insects"
"43","UK","Butterflies","Argynnis aglaja","log.r",0.123404429717348,0.127195334819362,0.1375197650658,0.933495712092567,0.683505210099698,157.040478855204,162.215459568389,0.133661963495364,0.939695040879725,0.981527420934856,NA,NA,NA,NA,NA,"Uni/Bi","Non-migrant","P",NA,4,NA,"Non-migrant","Uni/Bi",NA,4,"Insects","UK Insects"
"44","UK","Butterflies","Argynnis paphia","log.r",0.440670590850392,0.373158177278009,0.463884675499588,0.933495712092567,0.683505210099698,144.166480860778,145.170106140521,0.502513650054071,0.943456739849961,0.986041397619025,NA,NA,NA,NA,NA,"Uni/Bi","Non-migrant","P",NA,4,NA,"Non-migrant","Uni/Bi",NA,4,"Insects","UK Insects"
"45","UK","Butterflies","Aricia agestis","log.r",0.444424599856662,0.323752138921865,0.406404520875635,0.933495712092567,0.683505210099698,156.411592942663,159.85161899972,0.446482635069103,0.935335008608433,0.979459598860152,NA,NA,NA,NA,NA,"Uni/Bi","Non-migrant","P",NA,4,NA,"Non-migrant","Uni/Bi",NA,4,"Insects","UK Insects"
"46","UK","Butterflies","Boloria euphrosyne","log.r",0.0908270361015838,0.140395616971516,0.264536866804398,0.933495712092567,0.683505210099698,161.099797210003,185.816671499062,0.272714238537886,0.683505210099698,0.933495712092567,NA,NA,NA,NA,NA,"Uni/Bi","Non-migrant","NO",NA,2,NA,"Non-migrant","Uni/Bi",NA,2,"Insects","UK Insects"
"47","UK","Butterflies","Boloria selene","log.r",0.0395315976219479,0.0399646434500105,0.0526092338101231,0.933495712092567,0.683505210099698,141.27627729074,142.301846366156,0.0739439608730658,0.683505210099698,0.933495712092567,NA,NA,NA,NA,NA,"Multi","Non-migrant","NO",NA,2,NA,"Non-migrant","Multi",NA,2,"Insects","UK Insects"
"48","UK","Butterflies","Callophrys rubi","log.r",0.306602272606317,0.218658366172941,0.300478664142623,0.933495712092567,0.683505210099698,162.68131419543,165.071052639105,0.335718977020202,0.949364038492522,0.988464575803796,NA,NA,NA,NA,NA,"Uni/Bi","Non-migrant","P",NA,4,NA,"Non-migrant","Uni/Bi",NA,4,"Insects","UK Insects"
"49","UK","Butterflies","Celastrina argiolus","log.r",0.50733360502298,0.418627940976904,0.499430300667238,0.933495712092567,0.683505210099698,156.898799506768,159.9605455437,0.532219689104893,0.935335008608433,0.979459598860152,NA,NA,NA,NA,NA,"Multi","Non-migrant","P",NA,4,NA,"Non-migrant","Multi",NA,4,"Insects","UK Insects"
"50","UK","Butterflies","Coenonympha pamphilus","log.r",0.237800099849287,0.248609934335191,0.24335871234142,0.933495712092567,0.683505210099698,162.19371359942,166.68343823061,0.271467367773911,0.935335008608433,0.979459598860152,NA,NA,NA,NA,NA,"Multi","Non-migrant","O",NA,3,NA,"Non-migrant","Multi",NA,3,"Insects","UK Insects"
"51","UK","Butterflies","Cupido minimus","log.r",0.240413234917107,0.269618653241273,0.31355697612145,0.933495712092567,0.683505210099698,126.432910153635,125.003506171955,0.324561032432928,0.974733323074523,0.994161587580112,NA,NA,NA,NA,NA,"Uni/Bi","Non-migrant","O",NA,3,NA,"Non-migrant","Uni/Bi",NA,3,"Insects","UK Insects"
"52","UK","Butterflies","Neozephyrus quercus","log.r",0.23938581233462,0.0314025782373693,0.231272413035269,0.933495712092567,0.683505210099698,117.021590320776,117.169608581111,0.243147379485645,0.945879935857073,0.985306340615342,NA,NA,NA,NA,NA,"Uni/Bi","Non-migrant","M",NA,1,NA,"Non-migrant","Uni/Bi",NA,1,"Insects","UK Insects"
"53","UK","Butterflies","Gonepteryx rhamni","log.r",0.370880314306013,0.344124213980295,0.345522462866465,0.933495712092567,0.683505210099698,158.893727986783,164.199284820398,0.374489651595109,0.935335008608433,0.979459598860152,NA,NA,NA,NA,NA,"Uni/Bi","Non-migrant","O",NA,3,NA,"Non-migrant","Uni/Bi",NA,3,"Insects","UK Insects"
"54","UK","Butterflies","Hipparchia semele","log.r",0.10568596975449,0.0981515690013038,0.131466761890941,0.933495712092567,0.683505210099698,162.458478613834,164.177395853428,0.135889963796831,0.96123238037087,0.986136360090708,NA,NA,NA,NA,NA,"Uni/Bi","Non-migrant","P",NA,4,NA,"Non-migrant","Uni/Bi",NA,4,"Insects","UK Insects"
"55","UK","Butterflies","Lasiommata megera","log.r",0.180015798011269,0.184916176953009,0.171972361910387,0.933495712092567,0.683505210099698,164.931795978619,168.576822030526,0.192944917704813,0.935119625366948,0.980425958534726,NA,NA,NA,NA,NA,"Multi","Non-migrant","O",NA,3,NA,"Non-migrant","Multi",NA,3,"Insects","UK Insects"
"56","UK","Butterflies","Leptidea sinapis","log.r",0.331960374921246,0.29142671895096,0.322784995652414,0.933495712092567,0.683505210099698,74.8137800054375,74.8137800054375,0.322784995652414,0.683505210099698,0.933495712092567,NA,NA,NA,NA,NA,"Multi","Non-migrant","O",NA,3,NA,"Non-migrant","Multi",NA,3,"Insects","UK Insects"
"57","UK","Butterflies","Limenitis camilla","log.r",0.470512812990738,0.361086478351053,0.428856400547671,0.933495712092567,0.683505210099698,158.229261309806,160.993160344859,0.454428763384785,0.945349921404786,0.989532555742701,NA,NA,NA,NA,NA,"Multi","Non-migrant","NO",NA,2,NA,"Non-migrant","Multi",NA,2,"Insects","UK Insects"
"58","UK","Butterflies","Maniola jurtina","log.r",0.212511534645307,0.237264375660987,0.246627186667936,0.933495712092567,0.683505210099698,161.894800411883,166.807812716785,0.263683028660146,0.935335008608433,0.979459598860152,NA,NA,NA,NA,NA,"Uni/Bi","Non-migrant","O",NA,3,NA,"Non-migrant","Uni/Bi",NA,3,"Insects","UK Insects"
"59","UK","Butterflies","Melanargia galathea","log.r",0.27701943025601,0.14154799788833,0.238749315531733,0.933495712092567,0.683505210099698,149.336884848273,152.726564946386,0.263141496554094,0.935740933522868,0.986176496204618,NA,NA,NA,NA,NA,"Uni/Bi","Non-migrant","O",NA,3,NA,"Non-migrant","Uni/Bi",NA,3,"Insects","UK Insects"
"60","UK","Butterflies","Ochlodes sylvanus","log.r",0.332609308107752,0.309069729072338,0.320370241285518,0.933495712092567,0.683505210099698,161.451856623242,165.997605291316,0.344597646672294,0.935335008608433,0.979459598860152,NA,NA,NA,NA,NA,"Uni/Bi","Non-migrant","O",NA,3,NA,"Non-migrant","Uni/Bi",NA,3,"Insects","UK Insects"
"61","UK","Butterflies","Pararge aegeria","log.r",0.318484821130317,0.337037721218539,0.364648998265303,0.933495712092567,0.683505210099698,161.876634541085,166.167756898406,0.404985004372755,0.935335008608433,0.979459598860152,NA,NA,NA,NA,NA,"Multi","Non-migrant","O",NA,3,NA,"Non-migrant","Multi",NA,3,"Insects","UK Insects"
"62","UK","Butterflies","Plebejus argus","log.r",0.205868020858447,0.154758992666136,0.200038770116042,0.933495712092567,0.683505210099698,131.381687376642,92.6970396423892,0.209125640418489,0.93168094565475,0.977442728981739,NA,NA,NA,NA,NA,"Uni/Bi","Non-migrant","P",NA,4,NA,"Non-migrant","Uni/Bi",NA,4,"Insects","UK Insects"
"63","UK","Butterflies","Polygonia c album","log.r",0.45476734576504,0.429044030076955,0.483783873943164,0.933495712092567,0.683505210099698,159.569528179248,164.988665622173,0.509521624291997,0.935335008608433,0.979459598860152,NA,NA,NA,NA,NA,"Multi","Non-migrant","P",NA,4,NA,"Non-migrant","Multi",NA,4,"Insects","UK Insects"
"64","UK","Butterflies","Lysandra bellargus","log.r",0.4751071069339,0.464247608051527,0.461999282632701,0.933495712092567,0.683505210099698,103.586385214695,89.4020652183656,0.466672994843337,0.974733323074523,0.994161587580112,NA,NA,NA,NA,NA,"Multi","Non-migrant","O",NA,3,NA,"Non-migrant","Multi",NA,3,"Insects","UK Insects"
"65","UK","Butterflies","Lysandra coridon","log.r",0.243142644763688,0.219556005863433,0.235051933954695,0.933495712092567,0.683505210099698,145.604364440218,147.14092887705,0.253549810414697,0.935740933522868,0.986176496204618,NA,NA,NA,NA,NA,"Uni/Bi","Non-migrant","O",NA,3,NA,"Non-migrant","Uni/Bi",NA,3,"Insects","UK Insects"
"66","UK","Butterflies","Polyommatus icarus","log.r",0.297410803861587,0.291013483940896,0.323750762608203,0.933495712092567,0.683505210099698,161.894800411883,166.807812716785,0.37123581616019,0.935335008608433,0.979459598860152,NA,NA,NA,NA,NA,"Multi","Non-migrant","O",NA,3,NA,"Non-migrant","Multi",NA,3,"Insects","UK Insects"
"67","UK","Butterflies","Pyrgus malvae","log.r",0.371162738610276,0.371166798139649,0.322902324607881,0.933495712092567,0.683505210099698,139.598073147119,142.69476701719,0.345646769941725,0.943523651789454,0.988258526577978,NA,NA,NA,NA,NA,"Uni/Bi","Non-migrant","O",NA,3,NA,"Non-migrant","Uni/Bi",NA,3,"Insects","UK Insects"
"68","UK","Butterflies","Thymelicus lineola","log.r",0.0366004333730142,0.00179779925788692,0.0186548695582374,0.933495712092567,0.683505210099698,142.406015131927,147.14092887705,0.0166611737479794,0.935335008608433,0.979459598860152,NA,NA,NA,NA,NA,"Uni/Bi","Non-migrant","O",NA,3,NA,"Non-migrant","Uni/Bi",NA,3,"Insects","UK Insects"
"69","UK","Butterflies","Thymelicus sylvestris","log.r",0.239848619337274,0.217051153099966,0.257452989903249,0.933495712092567,0.683505210099698,160.392959435017,165.778046423947,0.272598138775601,0.935335008608433,0.979459598860152,NA,NA,NA,NA,NA,"Uni/Bi","Non-migrant","O",NA,3,NA,"Non-migrant","Uni/Bi",NA,3,"Insects","UK Insects"
"70","Ireland","Butterflies","Anthocharis cardamines","log.r",0.49117666296402,0.482102670204573,0.450079728208599,0.997129961229043,0.94611319844712,152.521213961324,159.163815512627,0.501043219424022,0.95049086470271,0.997795474384687,NA,NA,NA,NA,NA,"Uni/Bi","Non-migrant","O",NA,3,NA,"Non-migrant","Uni/Bi",NA,3,"Insects","Ireland Insects"
"71","Ireland","Butterflies","Aphantopus hyperantus","log.r",0.370899090234035,0.287710877890532,0.389341633442353,0.997129961229043,0.94611319844712,152.521213961324,159.163815512627,0.432959667275115,0.95049086470271,0.997795474384687,NA,NA,NA,NA,NA,"Uni/Bi","Non-migrant","O",NA,3,NA,"Non-migrant","Uni/Bi",NA,3,"Insects","Ireland Insects"
"72","Ireland","Butterflies","Argynnis paphia","log.r",0.500755485042253,0.483433403660461,0.503189749630754,0.997129961229043,0.94611319844712,151.654124506205,157.853417227189,0.549536659660835,0.95049086470271,0.997795474384687,NA,NA,NA,NA,NA,"Uni/Bi","Non-migrant","P",NA,4,NA,"Non-migrant","Uni/Bi",NA,4,"Insects","Ireland Insects"
"73","Ireland","Butterflies","Coenonympha pamphilus","log.r",0.130322432497339,0.130328696491546,0.144977448688351,0.997129961229043,0.94611319844712,151.781607905276,159.163815512627,0.228316933309527,0.944297113533097,0.997683471500859,NA,NA,NA,NA,NA,"Multi","Non-migrant","O",NA,3,NA,"Non-migrant","Multi",NA,3,"Insects","Ireland Insects"
"74","Ireland","Butterflies","Aglais io","log.r",0.327047250236862,0.30744899008265,0.3115311904492,0.997129961229043,0.94611319844712,152.521213961324,159.163815512627,0.34194298302731,0.95049086470271,0.997795474384687,NA,NA,NA,NA,NA,"Uni/Bi","Non-migrant","M",NA,1,NA,"Non-migrant","Uni/Bi",NA,1,"Insects","Ireland Insects"
"75","Ireland","Butterflies","Maniola jurtina","log.r",0.292939010187483,0.282675172091778,0.272542322498697,0.997129961229043,0.94611319844712,152.521213961324,159.163815512627,0.310306321239133,0.95049086470271,0.997795474384687,NA,NA,NA,NA,NA,"Uni/Bi","Non-migrant","O",NA,3,NA,"Non-migrant","Uni/Bi",NA,3,"Insects","Ireland Insects"
"76","Ireland","Butterflies","Pararge aegeria","log.r",0.355728438758232,0.285404983920452,0.347755469511284,0.997129961229043,0.94611319844712,152.521213961324,159.163815512627,0.377047641453769,0.95049086470271,0.997795474384687,NA,NA,NA,NA,NA,"Multi","Non-migrant","O",NA,3,NA,"Non-migrant","Multi",NA,3,"Insects","Ireland Insects"
"77","Ireland","Butterflies","Polyommatus icarus","log.r",0.282139658913677,0.26007618815495,0.209756129822523,0.997129961229043,0.94611319844712,152.521213961324,159.163815512627,0.236620980507055,0.95049086470271,0.997795474384687,NA,NA,NA,NA,NA,"Multi","Non-migrant","O",NA,3,NA,"Non-migrant","Multi",NA,3,"Insects","Ireland Insects"
"78","Finland","Butterflies","Aglais io","log.r",0.396343381942173,0.338947857477096,0.322766876644269,0.978891637084048,0.93049243238328,149.604172775934,158.973789793708,0.381958651150452,0.93049243238328,0.978891637084048,NA,NA,NA,NA,NA,"Uni/Bi","Non-migrant","M",NA,1,NA,"Non-migrant","Uni/Bi",NA,1,"Insects","Finland Insects"
"79","Finland","Butterflies","Anthocharis cardamines","log.r",0.15353533819311,0.146480773444002,0.124022600258539,0.978891637084048,0.93049243238328,147.693846092712,158.973789793708,0.13536707676008,0.93049243238328,0.978891637084048,NA,NA,NA,NA,NA,"Uni/Bi","Non-migrant","O",NA,3,NA,"Non-migrant","Uni/Bi",NA,3,"Insects","Finland Insects"
"80","Finland","Butterflies","Aphantopus hyperantus","log.r",0.15481407628474,0.12630828476573,0.190916820669693,0.978891637084048,0.93049243238328,149.604172775934,158.973789793708,0.212928401707057,0.93049243238328,0.978891637084048,NA,NA,NA,NA,NA,"Uni/Bi","Non-migrant","O",NA,3,NA,"Non-migrant","Uni/Bi",NA,3,"Insects","Finland Insects"
"81","Finland","Butterflies","Argynnis adippe","log.r",0.472294551488351,0.45322865931245,0.475465020506487,0.978891637084048,0.93049243238328,136.865482875508,123.311605471303,0.494889243680972,0.93049243238328,0.978891637084048,NA,NA,NA,NA,NA,"Uni/Bi","Non-migrant","NO",NA,2,NA,"Non-migrant","Uni/Bi",NA,2,"Insects","Finland Insects"
"82","Finland","Butterflies","Argynnis aglaja","log.r",0.188283820455411,0.122595859747542,0.229441775019167,0.978891637084048,0.93049243238328,136.865482875508,123.311605471303,0.242045931757296,0.93049243238328,0.978891637084048,NA,NA,NA,NA,NA,"Uni/Bi","Non-migrant","P",NA,4,NA,"Non-migrant","Uni/Bi",NA,4,"Insects","Finland Insects"
"83","Finland","Butterflies","Aricia artaxerxes","log.r",0.172239955597168,0.163134668055636,0.195057412227005,0.978891637084048,0.93049243238328,134.326815322211,123.311605471303,0.217567372584699,0.93049243238328,0.978891637084048,NA,NA,NA,NA,NA,"Uni/Bi","Non-migrant","P",NA,4,NA,"Non-migrant","Uni/Bi",NA,4,"Insects","Finland Insects"
"84","Finland","Butterflies","Boloria euphrosyne","log.r",0.259783879633414,0.256042816124591,0.257447460184575,0.978891637084048,0.93049243238328,136.865482875508,123.311605471303,0.276879295902096,0.93049243238328,0.978891637084048,NA,NA,NA,NA,NA,"Uni/Bi","Non-migrant","NO",NA,2,NA,"Non-migrant","Uni/Bi",NA,2,"Insects","Finland Insects"
"85","Finland","Butterflies","Boloria selene","log.r",0.298479023312013,0.268155253356342,0.313627544888362,0.978891637084048,0.93049243238328,146.380381904759,157.9657411534,0.333386795695184,0.93049243238328,0.97894688432941,NA,NA,NA,NA,NA,"Multi","Non-migrant","NO",NA,2,NA,"Non-migrant","Multi",NA,2,"Insects","Finland Insects"
"86","Finland","Butterflies","Brenthis ino","log.r",0.432781456155746,0.4277356272386,0.41227671134803,0.978891637084048,0.93049243238328,149.604172775934,158.973789793708,0.442249667239043,0.93049243238328,0.978891637084048,NA,NA,NA,NA,NA,"Uni/Bi","Non-migrant","O",NA,3,NA,"Non-migrant","Uni/Bi",NA,3,"Insects","Finland Insects"
"87","Finland","Butterflies","Callophrys rubi","log.r",0.22962231551717,0.152653674957898,0.219919464502412,0.978891637084048,0.93049243238328,140.615176735722,130.690608716327,0.238651572777196,0.93049243238328,0.97894688432941,NA,NA,NA,NA,NA,"Uni/Bi","Non-migrant","P",NA,4,NA,"Non-migrant","Uni/Bi",NA,4,"Insects","Finland Insects"
"88","Finland","Butterflies","Carterocephalus silvicola","log.r",0.253036687725965,0.218736616749885,0.21002417639558,0.978891637084048,0.93049243238328,134.72462219117,115.932602226279,0.232457490269639,0.93049243238328,0.978891637084048,NA,NA,NA,NA,NA,"Uni/Bi","Non-migrant","O",NA,3,NA,"Non-migrant","Uni/Bi",NA,3,"Insects","Finland Insects"
"89","Finland","Butterflies","Celastrina argiolus","log.r",0.43412513710234,0.389902973771467,0.450017604263905,0.978891637084048,0.93049243238328,134.72462219117,115.932602226279,0.47781161726131,0.93049243238328,0.978891637084048,NA,NA,NA,NA,NA,"Multi","Non-migrant","P",NA,4,NA,"Non-migrant","Multi",NA,4,"Insects","Finland Insects"
"90","Finland","Butterflies","Polyommatus semiargus","log.r",0.504565686144681,0.462696013608716,0.483605394908773,0.978891637084048,0.93049243238328,134.72462219117,115.932602226279,0.527462238710995,0.93049243238328,0.97894688432941,NA,NA,NA,NA,NA,"Uni/Bi","Non-migrant","O",NA,3,NA,"Non-migrant","Uni/Bi",NA,3,"Insects","Finland Insects"
"91","Finland","Butterflies","Erebia ligea","log.r",0.549653783415927,0.520093601613714,0.615588211158549,0.978891637084048,0.93049243238328,133.265597798131,114.758285745247,0.83063501175962,0.93049243238328,0.978891637084048,NA,NA,NA,NA,NA,"Uni/Bi","Non-migrant","O",NA,3,NA,"Non-migrant","Uni/Bi",NA,3,"Insects","Finland Insects"
"92","Finland","Butterflies","Gonepteryx rhamni","log.r",0.246582651842958,0.206325050911834,0.235453856073691,0.978891637084048,0.93049243238328,146.380381904759,157.9657411534,0.255114326048146,0.93049243238328,0.978891637084048,NA,NA,NA,NA,NA,"Uni/Bi","Non-migrant","O",NA,3,NA,"Non-migrant","Uni/Bi",NA,3,"Insects","Finland Insects"
"93","Finland","Butterflies","Lasiommata maera","log.r",0.263717472831706,0.224572360810424,0.258025604356313,0.978891637084048,0.93049243238328,136.865482875508,123.311605471303,0.278420997903308,0.93049243238328,0.978891637084048,NA,NA,NA,NA,NA,"Multi","Non-migrant","O",NA,3,NA,"Non-migrant","Multi",NA,3,"Insects","Finland Insects"
"94","Finland","Butterflies","Leptidea sinapis","log.r",0.458210522177067,0.435673815145459,0.463433624821275,0.978891637084048,0.93049243238328,143.462950934863,140.994269637224,0.49010177617727,0.93049243238328,0.978891637084048,NA,NA,NA,NA,NA,"Multi","Non-migrant","O",NA,3,NA,"Non-migrant","Multi",NA,3,"Insects","Finland Insects"
"95","Finland","Butterflies","Lycaena hippothoe","log.r",0.189926492881099,0.173654605470088,0.223073910995792,0.978891637084048,0.93049243238328,134.326815322211,123.311605471303,0.233767012147784,0.93049243238328,0.978891637084048,NA,NA,NA,NA,NA,"Uni/Bi","Non-migrant","NO",NA,2,NA,"Non-migrant","Uni/Bi",NA,2,"Insects","Finland Insects"
"96","Finland","Butterflies","Melitaea athalia","log.r",0.418932373026944,0.418931044171466,0.343043345954201,0.978891637084048,0.93049243238328,134.72462219117,115.932602226279,0.378820051344579,0.93049243238328,0.978891637084048,NA,NA,NA,NA,NA,"Uni/Bi","Non-migrant","P",NA,4,NA,"Non-migrant","Uni/Bi",NA,4,"Insects","Finland Insects"
"97","Finland","Butterflies","Melitaea athalia","log.r",0.418932373026944,0.418931044171466,0.343043345954201,0.978891637084048,0.93049243238328,134.72462219117,115.932602226279,0.378820051344579,0.93049243238328,0.978891637084048,NA,NA,NA,NA,NA,"Uni/Bi","Non-migrant","P",NA,4,NA,"Non-migrant","Uni/Bi",NA,4,"Insects","Finland Insects"
"98","Finland","Butterflies","Melitaea athalia","log.r",0.418932373026944,0.418931044171466,0.343043345954201,0.978891637084048,0.93049243238328,134.72462219117,115.932602226279,0.378820051344579,0.93049243238328,0.978891637084048,NA,NA,NA,NA,NA,"Uni/Bi","Non-migrant","P",NA,4,NA,"Non-migrant","Uni/Bi",NA,4,"Insects","Finland Insects"
"99","Finland","Butterflies","Ochlodes sylvanus","log.r",0.520025346633514,0.483736471984466,0.473682007669199,0.978891637084048,0.93049243238328,146.380381904759,157.9657411534,0.509651379351898,0.93049243238328,0.978891637084048,NA,NA,NA,NA,NA,"Uni/Bi","Non-migrant","O",NA,3,NA,"Non-migrant","Uni/Bi",NA,3,"Insects","Finland Insects"
"100","Finland","Butterflies","Plebejus argus","log.r",0.231382297151329,0.230517794981377,0.145232976965737,0.978891637084048,0.93049243238328,136.910392659065,130.690608716327,0.158511549684112,0.93049243238328,0.978891637084048,NA,NA,NA,NA,NA,"Uni/Bi","Non-migrant","P",NA,4,NA,"Non-migrant","Uni/Bi",NA,4,"Insects","Finland Insects"
"101","Finland","Butterflies","Plebejus idas","log.r",0.0693175509925392,0.0650689682477719,0.0940514839239127,0.978891637084048,0.93049243238328,139.063601782173,130.690608716327,0.100281480754242,0.93049243238328,0.978891637084048,NA,NA,NA,NA,NA,"Multi","Non-migrant","P",NA,4,NA,"Non-migrant","Multi",NA,4,"Insects","Finland Insects"
"102","Finland","Butterflies","Polygonia c album","log.r",0.270797922827934,0.195980188917259,0.303779673626878,0.978891637084048,0.93049243238328,146.380381904759,157.9657411534,0.340482783799039,0.93049243238328,0.978891637084048,NA,NA,NA,NA,NA,"Multi","Non-migrant","P",NA,4,NA,"Non-migrant","Multi",NA,4,"Insects","Finland Insects"
"103","Finland","Butterflies","Polyommatus amandus","log.r",0.543716810160065,0.471762742874679,0.609260253800929,0.978891637084048,0.93049243238328,139.634834383907,123.311605471303,0.640621802242815,0.93049243238328,0.978891637084048,NA,NA,NA,NA,NA,"Uni/Bi","Non-migrant","O",NA,3,NA,"Non-migrant","Uni/Bi",NA,3,"Insects","Finland Insects"
"104","Finland","Butterflies","Polyommatus icarus","log.r",0.421740183939597,0.295427411694988,0.550456435254156,0.978891637084048,0.93049243238328,134.326815322211,123.311605471303,0.582606618147123,0.93049243238328,0.978891637084048,NA,NA,NA,NA,NA,"Multi","Non-migrant","O",NA,3,NA,"Non-migrant","Multi",NA,3,"Insects","Finland Insects"
"105","Finland","Butterflies","Thymelicus lineola","log.r",0.357871544720846,0.31165296040331,0.462647483619617,0.978891637084048,0.93049243238328,140.615176735722,130.690608716327,0.486221840943615,0.93049243238328,0.978891637084048,NA,NA,NA,NA,NA,"Uni/Bi","Non-migrant","O",NA,3,NA,"Non-migrant","Uni/Bi",NA,3,"Insects","Finland Insects"
"106","Netherlands","Butterflies","Aglais io","log.r",0.399626075757341,0.120157601704501,0.407219894839329,0.989999695907139,0.896769219897155,138.924140759136,143.177943119672,0.444263934376709,0.907771825200351,0.99100755084714,NA,NA,NA,NA,NA,"Uni/Bi","Non-migrant","M",NA,1,NA,"Non-migrant","Uni/Bi",NA,1,"Insects","Netherlands Insects"
"107","Netherlands","Butterflies","Anthocharis cardamines","log.r",0.207553865442068,0.063964467931088,0.196078200401641,0.989999695907139,0.896769219897155,131.54087047346,133.229214781447,0.206635522190599,0.918182316954854,0.990395467431907,NA,NA,NA,NA,NA,"Uni/Bi","Non-migrant","O",NA,3,NA,"Non-migrant","Uni/Bi",NA,3,"Insects","Netherlands Insects"
"108","Netherlands","Butterflies","Aphantopus hyperantus","log.r",0.248227723188073,0.241343880914782,0.244404096693701,0.989999695907139,0.896769219897155,137.656924416246,143.177943119672,0.251079494436447,0.907771825200351,0.99100755084714,NA,NA,NA,NA,NA,"Uni/Bi","Non-migrant","O",NA,3,NA,"Non-migrant","Uni/Bi",NA,3,"Insects","Netherlands Insects"
"109","Netherlands","Butterflies","Araschnia levana","log.r",0.579193341732208,0.529621573614024,0.568236186156461,0.989999695907139,0.896769219897155,130.080014931517,133.756338929542,0.582691382653279,0.932393568511361,0.992850870985286,NA,NA,NA,NA,NA,"Multi","Non-migrant","M",NA,1,NA,"Non-migrant","Multi",NA,1,"Insects","Netherlands Insects"
"110","Netherlands","Butterflies","Callophrys rubi","log.r",0.1600162741913,0.160051455766397,0.124360107701763,0.989999695907139,0.896769219897155,125.552467868291,121.436718791689,0.130735098199491,0.896769219897155,0.989999695907139,NA,NA,NA,NA,NA,"Uni/Bi","Non-migrant","P",NA,4,NA,"Non-migrant","Uni/Bi",NA,4,"Insects","Netherlands Insects"
"111","Netherlands","Butterflies","Celastrina argiolus","log.r",0.658638365299641,0.463159834419041,0.601595426663229,0.989999695907139,0.896769219897155,134.942390299449,137.221600577131,0.637342076945644,0.904434939801492,0.989850134120536,NA,NA,NA,NA,NA,"Multi","Non-migrant","P",NA,4,NA,"Non-migrant","Multi",NA,4,"Insects","Netherlands Insects"
"112","Netherlands","Butterflies","Coenonympha pamphilus","log.r",0.163745547202121,0.0952064275661674,0.190580287880017,0.989999695907139,0.896769219897155,137.066961863408,139.600225506133,0.206145045125037,0.916859236134914,0.991666279119204,NA,NA,NA,NA,NA,"Multi","Non-migrant","O",NA,3,NA,"Non-migrant","Multi",NA,3,"Insects","Netherlands Insects"
"113","Netherlands","Butterflies","Neozephyrus quercus","log.r",0.316298927374673,0.262027508917058,0.327355970947464,0.989999695907139,0.896769219897155,133.040944027543,123.890599701941,0.34122935182852,0.896769219897155,0.989999695907139,NA,NA,NA,NA,NA,"Uni/Bi","Non-migrant","M",NA,1,NA,"Non-migrant","Uni/Bi",NA,1,"Insects","Netherlands Insects"
"114","Netherlands","Butterflies","Gonepteryx rhamni","log.r",0.327814498430015,0.115146827381429,0.305858722413842,0.989999695907139,0.896769219897155,135.953742347692,137.221600577131,0.326434669052298,0.916173690934892,0.990001869928147,NA,NA,NA,NA,NA,"Uni/Bi","Non-migrant","O",NA,3,NA,"Non-migrant","Uni/Bi",NA,3,"Insects","Netherlands Insects"
"115","Netherlands","Butterflies","Hipparchia semele","log.r",0.120799543413579,0.000197706627064471,0.115169316127881,0.989999695907139,0.896769219897155,120.446440451005,103.655113629267,0.124728421802183,0.896769219897155,0.989999695907139,NA,NA,NA,NA,NA,"Uni/Bi","Non-migrant","P",NA,4,NA,"Non-migrant","Uni/Bi",NA,4,"Insects","Netherlands Insects"
"116","Netherlands","Butterflies","Lasiommata megera","log.r",0.152111864324989,0.0417068367645948,0.0649573433352698,0.989999695907139,0.896769219897155,138.924140759136,143.177943119672,-0.0797629669795493,0.907771825200351,0.99100755084714,NA,NA,NA,NA,NA,"Multi","Non-migrant","O",NA,3,NA,"Non-migrant","Multi",NA,3,"Insects","Netherlands Insects"
"117","Netherlands","Butterflies","Maniola jurtina","log.r",0.174537237944484,0.133849821251197,0.162570374678507,0.989999695907139,0.896769219897155,137.656924416246,143.177943119672,0.168356865470545,0.907771825200351,0.99100755084714,NA,NA,NA,NA,NA,"Uni/Bi","Non-migrant","O",NA,3,NA,"Non-migrant","Uni/Bi",NA,3,"Insects","Netherlands Insects"
"118","Netherlands","Butterflies","Ochlodes sylvanus","log.r",0.319042264288655,0.172992634360571,0.269114349428615,0.989999695907139,0.896769219897155,134.133335049507,134.283463077638,0.284792277853136,0.9312322005084,0.993066628292231,NA,NA,NA,NA,NA,"Uni/Bi","Non-migrant","O",NA,3,NA,"Non-migrant","Uni/Bi",NA,3,"Insects","Netherlands Insects"
"119","Netherlands","Butterflies","Pararge aegeria","log.r",0.276945818083707,0.180994099641995,0.281363051879774,0.989999695907139,0.896769219897155,137.656924416246,143.177943119672,0.295824113774958,0.907771825200351,0.99100755084714,NA,NA,NA,NA,NA,"Multi","Non-migrant","O",NA,3,NA,"Non-migrant","Multi",NA,3,"Insects","Netherlands Insects"
"120","Netherlands","Butterflies","Plebejus argus","log.r",0.0583119252538823,0.00064463041592601,0.0624679250237405,0.989999695907139,0.896769219897155,109.622516425575,93.5387504579835,0.0645644369790035,0.896769219897155,0.989999695907139,NA,NA,NA,NA,NA,"Uni/Bi","Non-migrant","P",NA,4,NA,"Non-migrant","Uni/Bi",NA,4,"Insects","Netherlands Insects"
"121","Netherlands","Butterflies","Polygonia c album","log.r",0.41443136919573,0.263629387922049,0.392514735801993,0.989999695907139,0.896769219897155,129.534244028476,133.229214781447,0.417252761045723,0.921239270140104,0.990384900083341,NA,NA,NA,NA,NA,"Multi","Non-migrant","P",NA,4,NA,"Non-migrant","Multi",NA,4,"Insects","Netherlands Insects"
"122","Netherlands","Butterflies","Polyommatus icarus","log.r",0.458964318354649,0.292625872756065,0.455322984903738,0.989999695907139,0.896769219897155,137.656924416246,143.177943119672,0.467969093210467,0.907771825200351,0.99100755084714,NA,NA,NA,NA,NA,"Multi","Non-migrant","O",NA,3,NA,"Non-migrant","Multi",NA,3,"Insects","Netherlands Insects"
"123","Netherlands","Butterflies","Pyronia tithonus","log.r",0.25342681446873,0.187945198601178,0.234662258061026,0.989999695907139,0.896769219897155,137.287611017015,140.169116874755,0.250376513080613,0.896769219897155,0.989999695907139,NA,NA,NA,NA,NA,"Uni/Bi","Non-migrant","O",NA,3,NA,"Non-migrant","Uni/Bi",NA,3,"Insects","Netherlands Insects"
"124","Netherlands","Butterflies","Thymelicus lineola","log.r",0.219049883839871,0.0402110785810764,0.200222060626844,0.989999695907139,0.896769219897155,137.656924416246,143.177943119672,0.211856944054711,0.907771825200351,0.99100755084714,NA,NA,NA,NA,NA,"Uni/Bi","Non-migrant","O",NA,3,NA,"Non-migrant","Uni/Bi",NA,3,"Insects","Netherlands Insects"
"125","Netherlands","Butterflies","Thymelicus sylvestris","log.r",0.131473766018185,0.121739269789338,0.104689680003827,0.989999695907139,0.896769219897155,142.655048890844,151.369068484619,0.134958505787475,0.896769219897155,0.989999695907139,NA,NA,NA,NA,NA,"Uni/Bi","Non-migrant","O",NA,3,NA,"Non-migrant","Uni/Bi",NA,3,"Insects","Netherlands Insects"
